title,selftext,subreddit,created_utc,author,is_self,score,num_comments,timestamp
"Question, is this a sub to make fun of movies ? Sarcastically?",,shittymoviedetails,1616877480,ExpensiveIngenuity1,True,1,1,2021-03-27
"If you ever feel useless, just remember...","In Finding Nemo, the fish students get on a jellyfishâ€™s back like a bus. Not like they canâ€™t swim.",shittymoviedetails,1616914691,k1ckstarteer,True,1,3,2021-03-27
"In the second episode of The Falcon and the Winter Soldier, the new Captain America throws his shield to break his sidekick's fall off of a speeding truck. This is because his sidekick is from IKEA and therefore breaks very easily.",,shittymoviedetails,1616953328,sometimesavowel,True,1,0,2021-03-28
Kubrick's The Shining (1980) Was Named So Due to the Incessant Glare from Nicholson's Balding Head.,"For only $25.85, you too can 'cosplay' Jack Torrance.

https://www.ebay.com/itm/Brown-Bob-Wig-Bald-Head-for-Cosplay-The-Shining-Jack-Nicholson-Costume-HM-664-/183269829335?mkevt=1&amp;mkcid=1&amp;mkrid=711-53200-19255-0&amp;campid=5338683477&amp;customid=&amp;toolid=10001",shittymoviedetails,1616961963,5pez__A,True,0,0,2021-03-28
"Christopher walken awakens from a coma with the ability of second sight in the movie ""the dead zone"", in the movie he talks about the book, ""the legend of sleepy hollow"".","This is because he really does have second sight and knew that in the 1999 release of the movie, based on the book, he would be playing the part of the headless horseman and wanted to create some pre-release advertising.",shittymoviedetails,1617011798,40andbored,True,1,0,2021-03-29
"The film ""Speed"" was the only movie to not have a director. If it had direction it would have been called ""velocity"".",,shittymoviedetails,1614194073,Baron_Lemon,True,13,4,2021-02-24
"In the movie ""Joker"" (2019) the name of the main character (the Joker) is a subtle reference to the name of the movie.",,shittymoviedetails,1614303251,[deleted],True,1,0,2021-02-25
"In the movie ""Joker"" (2019) the name of the main character (the Joker) is a subtle nod to the name of the movie.",,shittymoviedetails,1614303372,[deleted],True,1,0,2021-02-25
"In the movie ""Joker"" (2019) the name of the main character (the Joker) is a slight reference to the name of the movie.","&amp;#x200B;

https://preview.redd.it/nk2nmaro7qj61.jpg?width=1026&amp;format=pjpg&amp;auto=webp&amp;s=2a7672e675eb0651aca2798b736613eff699a637",shittymoviedetails,1614303535,TheChlorophyteFerret,True,2,2,2021-02-25
"In the trailer of Godzilla V/S Kong (2021) , the last scene of the trailer shows Kong fighting Godzilla with an axe . This is a reference to the fact that Kong is a major MCU fan and took Thanos's advice to aim for the Head .","&amp;#x200B;

https://preview.redd.it/6cyjyswzagd61.png?width=730&amp;format=png&amp;auto=webp&amp;s=bffbcc29ecee636dacc0608c1dd3a621e0a4249d",shittymoviedetails,1611568673,AlphaLoop64,True,1,0,2021-01-25
Interstellar ending,"The ending of Interstellar is not what actually is taking place. Cooper did not survive his journey into the black hole. He was assuredly killed. The scene of him communicating with his daughter, MUUURRRRPPPHHH, is the brain activity after death. Or a dream. Further proof of this is him visiting old lady Murph in the hospital. If you notice  no one in the room even makes eye contact with Cooper. It was all a dream or the final moments of coopers brain activity. The movie adheres to the laws of physics very strictly so thereâ€™s no way he would survive a journey into a black hole and then be spit out of the worm hole only to be rescued.",shittymoviedetails,1611607842,jonredd901,True,1,0,2021-01-25
"In Ready Player One (2018), we know that the story is based in reality because Sorrento has his password on a piece of paper right on the machine where he logs in, and doesn't even bother to change it once it's leaked. But, haha BÃ˜55man69, funny","&amp;#x200B;

https://preview.redd.it/fjz6efg2owd61.jpg?width=452&amp;format=pjpg&amp;auto=webp&amp;s=6c48a0bac1f52951fd88562d63f00ffb5f1f565f",shittymoviedetails,1611767160,YesDatGuy,True,1,0,2021-01-27
"[TV] In ""The Man in the High Castle"" S02E03, the pelvic X-ray of Juliana Crain is actually of a man. You can see the outline of the penis.","It flashes across the screen really quickly. I guess the only reason I spotted it was because I have seen a lot of pelvic X-rays.

\[pelvis-mithc.png\]([https://postimg.cc/XpQjTdXD](https://postimg.cc/XpQjTdXD))

https://preview.redd.it/34hws6fqvxd61.png?width=1389&amp;format=png&amp;auto=webp&amp;s=bde08a0395a1103d73ab66cf2b6cc3d522407fcc",shittymoviedetails,1611780918,tjodolv,True,5,0,2021-01-27
"Guo Wengui (tambÃ©m conhecido como Miles Kwok) Ã© um magnata do mercado imobiliÃ¡rio chinÃªs que tinha ligaÃ§Ãµes com altos funcionÃ¡rios do partido atÃ© fugir da China, hÃ¡ cerca de cinco anos, por causa de acusaÃ§Ãµes de corrupÃ§Ã£o.",[removed],shittymoviedetails,1611801190,Wacky_Flight_,True,1,0,2021-01-27
"In Wonder Woman 1984, young Diana competes against adult Amazons, then as an adult fights the power of a God and gives up life with Steve to save the world. This is a reference to how sequels were basically remakes in the eighties.",,shittymoviedetails,1608991461,Drakeytown,True,2,0,2020-12-26
Wonder Woman 1984 was aptly named because it made me wonder why I was watching it.,,shittymoviedetails,1609002798,SwagPanther69,True,1,4,2020-12-26
Disney/Pixar's Soul (2020) - There was a conscious decision to not include any red haired characters because gingers don't have souls.,"All the souls were Blue /Green colored and not red. In additive light the primary colors are blue, green, and red.  They Wanted to be sure there was no red in the before- or afterlife soul depiction either.",shittymoviedetails,1609023170,alphaxd001,True,1,1,2020-12-26
"In Scarface (1989) the singer in The Babylon club sings ""buzz, buzz give me yeyo"" yeyo is slang for cocaine, a very subtle reference to one of the movie's sub-plots",[removed],shittymoviedetails,1609023232,Sindagen,True,1,0,2020-12-26
"In Scarface (1983) the singer in The Babylon club sings ""buzz, buzz give me yeyo"" yeyo is slang for cocaine, a very subtle reference to one of the movie's sub-plots",[removed],shittymoviedetails,1609025856,Sindagen,True,1,0,2020-12-26
"In the movie The Call with Halle Berry, the phone says ""NO SIGNAL"" because in fact fake phones have no signal and are fake","&amp;#x200B;

https://preview.redd.it/9n14znwdnp161.jpg?width=1080&amp;format=pjpg&amp;auto=webp&amp;s=bb9743434dfe3b8c494af0a291a921cdeccd26c4",shittymoviedetails,1606451578,oreiz,True,1,0,2020-11-26
æ—¥æœ¬è—¤ç´ å¹«åŠ©æ¼”å“¡é˜®æµ·â€œå–šé†’â€æˆ¿é–“çš„æ¿€çƒˆè¡¨æ¼”," 

å·²ç¶“ä½¿ç”¨äº†è¨±å¤šç”¢å“ä¾†æ”¹å–„ç”·æ€§ç”Ÿç†å¥åº·ï¼Œä½†æ¼”å“¡é˜®æµ·ï¼ˆNguyen Haiï¼‰ä»ç„¡æ³•æŒ‰é æœŸæ¢å¾©å…¶æ­£å¸¸çš„æˆ¿äº‹èƒ½åŠ›ï¼Œé€²å…¥å²¡æœ¬è—¥å¦åº—ä¸¦ä½¿ç”¨[æ—¥æœ¬è—¤ç´ ](https://okabuy.com/)å¾Œï¼Œä»–ä½¿ç”¨é ­10å¤©å°±å–å¾—äº†ç©æ¥µçš„æˆæœã€‚

## æ¼”å“¡é˜®æµ·ä½¿ç”¨[æ—¥æœ¬è—¤ç´ ](https://okabuy.com/)ä¹‹å‰çš„èº«é«”æƒ…æ³

\[caption id=""attachment\_757"" align=""aligncenter"" width=""768""\]ğŸ“· æ—¥æœ¬è—¤ç´  æ¼”å“¡é˜®æµ·è…°ç—›\[/caption\]

63æ­²çš„æ¼”å“¡é˜®æµ·é¢è‡¨ç”·æ€§ç”Ÿç†åŠŸèƒ½çš„æ˜é¡¯ä¸‹é™ã€‚å…·é«”è€Œè¨€ï¼Œæ¼”å“¡ç¶“å¸¸é™·å…¥â€œé‚„æ²’é–‹å§‹å°±çµæŸäº†â€çš„ç‹€æ…‹ï¼Œä½¿å¾—èˆ‡å¦»å­çš„æˆ€æ„›è®Šå¾—å¿«é€Ÿè€Œä¹å‘³ã€‚â€œ*æˆ‘çŸ¥é“é€™å€‹å¹´é½¡æ®µä»»ä½•äººéƒ½æœ‰é€™é …å›°æ“¾ï¼Œä½†æ˜¯æˆ‘æœ‰é»éœ‡é©šã€‚èª°æœƒæƒ³åˆ°å¹¾å¹´å‰æˆ‘ä»ç„¶åƒå€‹â€œå¹´è¼•äººâ€ï¼Œè€Œç¾åœ¨å»å¯æ†ä¸çŸ¥æ‰€æªå‘¢ï¼Ÿä½œç‚ºä¸€å€‹å¿™æ–¼å·¥ä½œçš„äººï¼Œç¶“å¸¸è¢«å®‰æ’å»å¤–åœ°ä¸Šç­ï¼Œæ‰€ä»¥æˆ‘éå¸¸æ„Ÿè¬åœ¨å®¶ä¸­èˆ‡å¦»å­åœ˜èšçš„æ—¥å­ã€‚ç„¶è€Œï¼Œæ¯å¤©åˆ°äº†æ™šä¸Šçš„æ™‚å€™ï¼Œâ€œæ§æ”¯â€è¢«å¡ä½ï¼Œéå¸¸å°·å°¬*â€

åœ¨è«‡åˆ°é€™ç¨®ç”Ÿç†æ©Ÿèƒ½éšœç¤™æ™‚ï¼Œè—è¡“å®¶é˜®æµ·èªªï¼Œä¸»è¦åŸå› æ˜¯å¹´é½¡çš„å¢é•·ã€‚éš¨ä¹‹è€Œä¾†çš„æ˜¯å¿™ç¢Œçš„å·¥ä½œï¼Œå¯†é›†çš„æ‹æ”æ™‚é–“è¡¨ï¼Œé£²é£Ÿï¼Œä¼‘æ¯...

â€œ*æ­£æ˜¯é‚£äº›å£“åŠ›å’Œé•·æœŸå£“åŠ›çš„æ—¥å­ä½¿æˆ‘ç„¡æ³•ä¿æŒè‡ªå·±çš„é»ƒé‡‘å¹´é½¡ã€‚å–è€Œä»£ä¹‹çš„æ˜¯ï¼Œæ¨‚è¶£ä¸æ–·ç¸®çŸ­ï¼Œæ™‚é–“ç¸®çŸ­ç„¶å¾Œæ¬¡æ•¸ç¨€ç–ã€‚å„˜ç®¡æœ‰æ™‚å€™æˆ‘æƒ³å’Œæˆ‘çš„å¦»å­åœ¨ä¸€èµ·ï¼Œä½†æ˜¯èº«é«”ç„¡æ³•é…åˆï¼Œæ‰€ä»¥æˆ‘å¿ä¸ä½æ„Ÿåˆ°ç„¡åŠ©ï¼Œâ€ç”·æ¼”å“¡é˜®æµ·èªª*ã€‚

é™¤äº†ç”·æ€§ç”Ÿç†åŠŸèƒ½ä¸‹é™å¤–ï¼Œæ¼”å“¡é˜®æµ·ä¹Ÿæœ‰ä¸€äº›ä¸æ„‰å¿«çš„ç—‡ç‹€ï¼Œå¦‚å¤šæ¬¡å¤œå°¿ï¼ŒèƒŒéƒ¨ç–¼ç—›ï¼Œè†è“‹ç–²å‹â€¦â€¦é€™ä½¿ä»–ç„¡æ³•å…¥ç¡ã€‚é•·æ™‚é–“çš„ç—‡ç‹€å°æ¼”å“¡çš„å¥åº·ï¼Œå·¥ä½œå’Œå¿ƒç†é€ æˆè² é¢å½±éŸ¿ï¼š

â€œåœ¨é‚£äº›æ—¥å­è£¡ï¼Œæˆ‘æƒ³æˆ‘æœƒèª¿é¤Šçš„è¶Šä¾†è¶Šå¥½çš„ï¼Œä½†æ˜¯å»è®“æˆ‘ä¸åƒ…åœ¨åºŠäº‹ä¸Šâ€œç„¡åŠ›â€ï¼Œè€Œä¸”å¥åº·ç‹€æ³ä¹Ÿåœ¨ä¸æ–·ä¸‹é™ï¼Œæ‰€ä»¥èªªç„¡è«–æ‚¨å¤šéº¼ç†±æ„›é€™ä»½å·¥ä½œï¼Œéƒ½æƒ³ç»èº«æ–¼é€™ä»½å·¥ä½œï¼Œæƒ³çµ¦è½çœ¾å¸¶ä¾†è‰¯å¥½çš„ä½œç”¨ï¼Œä½†æ˜¯å¦‚æœæ‚¨æ²’æœ‰å¥åº·ï¼Œå°±ç„¡æ³•åšåˆ°ã€‚ ç–¾ç—…æ—¥å¾©ä¸€æ—¥åœ°çºè‘—ï¼Œä½¿æˆ‘å‘¨åœçš„å¦»å­å’Œè¦ªæˆšæ›´åŠ æ“”å¿ƒã€‚çœ‹åˆ°äººå€‘ç‚ºæˆ‘ç…©èºä¸å®‰ï¼Œæˆ‘æ‰¿èªé€™å¾ˆå‚·æˆ‘ï¼Œæˆ‘ä¸çŸ¥é“æ€éº¼åšï¼â€

## ä½¿ç”¨å„ç¨®åœ¨å¸‚å ´ä¸Šæ¨™æ¦œâ€œæ•ˆæœå¾ˆå¥½â€â€œä¸€é¡†è¦‹æ•ˆâ€çš„ç”¢å“ï¼Œä½†ç„¡æ¿Ÿæ–¼äº‹

é¢å°â€œéå±±å¡â€å¼çš„ç”Ÿç†è™›å¼±ï¼Œæ¼”å“¡é˜®æµ·è€ƒæ…®ä½¿ç”¨è¥¿è—¥æˆ–åœ¨äº’è¯ç¶²ä¸ŠåˆŠç™»å»£å‘Šçš„æŸäº›åŠŸèƒ½æ€§ç”¢å“ã€‚é˜®æµ·èªç‚ºé€™äº›ç”¢å“æ˜¯â€œç¥è–çš„â€ç”¨é€”çš„ä»‹ç´¹ï¼Œé€™å¯ä»¥å¹«åŠ©æˆ‘æ“ºè„«å°â€œè™›å¼±â€çš„ææ‡¼ï¼Œå–è€Œä»£ä¹‹çš„æ˜¯ï¼Œæˆ‘è¶ŠåŠªåŠ›ï¼Œå°±è¶Šå¤±æœ›ã€‚ä½†æ˜¯ï¼Œäº‹å¯¦ä¸¦éæ¼”å“¡æ‰€æœŸæœ›çš„é‚£æ¨£ï¼Œè€Œä¸”çµå±€å¤ªä¸Ÿè‡‰ï¼›

â€œ*ç‚ºäº†å¿«é€Ÿèµ·è¦‹ï¼Œæˆ‘é¸æ“‡ä½¿ç”¨å¨çˆ¾å‰›ç”¢å“ï¼Œä»¥åŠå…¶ä»–é¡ä¼¼ç”¢å“å…¨éƒ¨ä½¿ç”¨ã€‚ä½†æ˜¯é€™äº›ç”¢å“åƒ…å…·æœ‰ç«‹ç«¿è¦‹å½±çš„æ•ˆæœã€‚ç¸½çš„ä¾†èªªï¼Œå®ƒé‚„èƒ½å¹«åŠ©ç”·äººâ€œä¿æŒå‹ƒèµ·â€æ›´é•·çš„æ™‚é–“ï¼Œä½†æ˜¯ä¹‹å¾Œï¼Œä»–å€‘æœƒæ„Ÿåˆ°éå¸¸ç–²å€¦ï¼Œèº«é«”å‘†æ»¯ï¼Œç–²æ†Šä¸¦ä¸”æ²’æœ‰æ´»åŠ›ã€‚æ›´ä¸ç”¨èªªä¸‹æ¬¡æˆ‘æƒ³è¦é”åˆ°é€™ç¨®æ€§èƒ½æ™‚ï¼Œæˆ‘å¿…é ˆç¹¼çºŒä½¿ç”¨è©²ç”¢å“ã€‚* 

*äº‹å¯¦è­‰æ˜ï¼Œé€™äº›ç”¢å“éƒ½ä½¿äººå€‘ä¾è³´è©²è—¥ç‰©ä¸¦å¼•èµ·ä¸€äº›ä¸è‰¯å‰¯ä½œç”¨ã€‚è¼•åº¦ä½¿ä½¿ç”¨è€…é ­ç—›ï¼Œé ­æ˜çœ¼èŠ±ï¼Œé‡åº¦æœƒå°è‡´æ°¸ä¹…æ€§å‹ƒèµ·åŠŸèƒ½éšœç¤™ï¼Œé™°è–ä¸å†èƒ½å¤ â€œç«‹æ­£ç«™å¥½â€ã€‚æƒ³åˆ°é€™ä¸€é»ï¼Œæˆ‘ç¾åœ¨ä»ç„¶æ„Ÿåˆ°ææ…Œ*â€

## æ¼”å“¡é˜®æµ·ç›´æ¥å»[å²¡æœ¬è—¥å¦åº—](https://okabuy.com/)æ¥å—è«®è©¢å’Œæ²»ç™‚æ–¹æ¡ˆ

è€ƒæ…®åˆ°ä¸€äº›åœ¨å¸‚å ´ä¸Šå»£ç‚ºå®£å‚³çš„ç”·æ€§å¢å¼·ç”¢å“çš„å‰¯ä½œç”¨ï¼Œæ¼”å“¡é˜®æµ·ç¹¼çºŒåŠªåŠ›å°‹æ‰¾è§£æ±ºç”Ÿç†ä¸Šç„¡åŠ›çš„é›£é¡Œçš„è§£æ±ºæ–¹æ¡ˆã€‚å¹¸é‹çš„æ˜¯ï¼Œåœ¨æ‹æ”æœŸé–“çš„ä¼‘æ¯æ™‚é–“èˆ‡åŒäº‹çš„äº¤è«‡ä¸­ï¼ŒåŒäº‹æ¨è–¦äº†å²¡æœ¬è—¥å¦åº—ï¼åˆ†äº«äº†å…¶ç¶²ç«™ï¼ˆhttps://okabuy.com/ï¼‰ï¼›æ“šæ¼”å“¡é˜®æµ·èªªï¼Œå·²ç ”ç©¶ä¸¦è¯ç¹«äº†è©²è—¥åº—ï¼Œä»¥è«®è©¢å’Œæª¢æŸ¥ä»–æ‰€æ‚£æœ‰çš„ç”Ÿç†ç–¾ç—…ã€‚

\[caption id=""attachment\_758"" align=""aligncenter"" width=""768""\]ğŸ“· æ—¥æœ¬è—¤ç´ æ¼”å“¡é˜®æµ·è³‡è¨Šé†«å¸«\[/caption\]

ç¶“éä»”ç´°çš„æª¢æŸ¥ï¼Œé†«å¸«æŒ‡ç¤ºæˆ‘åœ¨3å€‹æœˆå…§ä½¿ç”¨[æ—¥æœ¬è—¤ç´ ](https://okabuy.com/)çš„ç™‚æ³•ï¼Œé€™æ˜¯50æ­²ä»¥ä¸Šè€äººçš„æœ€ä½³å»ºè­°ã€‚å¦å¤–ï¼Œæˆ‘é‚„åŠ å…¥äº†ç™‚ç¨‹æ²»ç™‚æ³•ï¼Œä»¥åŠ å€å½±éŸ¿ï¼Œä½¿æ¢å¾©éç¨‹æ›´å¿«ã€‚

### åœ¨ä½¿ç”¨[æ—¥æœ¬è—¤ç´ ](https://okabuy.com/)çš„å‰åå¤©ï¼Œâ€œå¨çŒ›çš„æˆ‘â€å›ä¾†äº†

ç¶“éé†«ç”Ÿçš„å…¨é¢æª¢æŸ¥å’Œè«®è©¢ï¼Œæ¼”å“¡é˜®æµ·æœç”¨äº†[æ—¥æœ¬è—¤ç´ ](https://okabuy.com/)é€²å…¥æ²»ç™‚éšæ®µï¼Œé™¤äº†æŒ‰æ™‚å’ŒæŒ‰è¦æ±‚çš„åŠ‘é‡ä½¿ç”¨ç”¢å“å¤–ï¼Œé‚„ç²¾å¿ƒçµåˆç§‘å­¸é£²é£Ÿå’Œå¥åº·æ´»å‹•ä½¿çµæœæ›´ç†æƒ³ã€‚

å²¡æœ¬è—¥å¦åº—çš„[æ—¥æœ¬è—¤ç´ ](https://okabuy.com/)æ˜¯ä¸€ç¨®æ±æ–¹é†«è—¥ç”¢å“ï¼Œå› æ­¤å…·æœ‰â€œæº«é¤Šâ€çš„ç‰¹æ€§ï¼Œä½¿ç”¨è€…éœ€è¦é•·æ™‚é–“å …æŒä¸æ‡ˆåœ°æ‰èƒ½çœ‹åˆ°æ•ˆæœã€‚ä½†æ˜¯ï¼Œå°æ–¼é‚£äº›æ¥µæœ‰å¯èƒ½å¸æ”¶è—¥ç‰©çš„äººä¾†èªªï¼Œåƒ…5-10å¤©åï¼Œç•¶ç‡Ÿé¤Šæˆåˆ†è¢«å¸æ”¶åˆ°é«”å…§æ™‚ï¼Œå®ƒå€‘å°±æœƒé–‹å§‹èµ·ä½œç”¨ã€‚

â€œ*æˆ‘ç¶“å¸¸å‡ºç¾å¤œé–“æ’å°¿ï¼ŒèƒŒéƒ¨ç–¼ç—›å’Œè†è“‹ç–²å‹çš„æƒ…æ³å·²å¾—åˆ°æ˜é¡¯ç·©è§£ã€‚å› æ­¤ï¼Œæˆ‘æ„Ÿè¦ºé€²é£Ÿã€ç¡çœ ã€ç²¾ç¥çš„æ¢å¾©ï¼Œè€Œä¸”æˆ‘çš„èº«é«”ä¹Ÿæ›´åŠ èˆ’æš¢ã€‚ç‰¹åˆ¥æ˜¯ï¼Œæˆ‘èˆ‡å¦»å­â€œé‹å‹•â€çš„æ™‚é–“ä¹Ÿå¤§å¤§å»¶é•·äº†ï¼Œå¾ç¾åœ¨çš„2-3åˆ†é˜å»¶é•·åˆ°5-7åˆ†é˜ã€‚* 

*æˆ‘ç›¸ä¿¡ç›®å‰åªç”¨äº†å¹¾å¤©æ™‚é–“ï¼Œèº«é«”çµ¦æˆ‘çš„åé¥‹æ˜¯æœ‰æ˜é¡¯çš„æ”¹å–„ï¼Œå¦‚æœæˆ‘æŒ‰ç…§é†«å¸«çš„å»ºè­°å …æŒæ‰€æœ‰3å€‹ç™‚ç¨‹ï¼Œé‚£â€œå¹´è¼•çš„æˆ‘â€è‚¯å®šæœƒå›ä¾†çš„ï¼Œæˆ‘å’Œæˆ‘å¦»å­ä¹‹é–“çš„æ€§å¿«æ„Ÿå°‡ä¸å†é¢è‡¨ä»»ä½•å•é¡Œ ï¼*â€

## [æ—¥æœ¬è—¤ç´ ](https://okabuy.com/)çš„å¼·å¤§åŠ›é‡ï¼šç¾ä»£ç”·æ€§çš„è§£æ±ºæ–¹æ¡ˆâ€œæ¯”é»ƒé‡‘æ›´çè²´â€

[æ—¥æœ¬è—¤ç´ ](https://okabuy.com/)æ˜¯ç”±æ—¥æœ¬åœ‹å®¶è—¥ç‰©ç ”ç©¶èˆ‡æ‡‰ç”¨ä¸­å¿ƒæˆåŠŸé–‹ç™¼çš„æœ‰åŠ©æ–¼è§£æ±ºç”·æ€§ç”Ÿç†å•é¡Œçš„ç”¢å“ã€‚è©²ç”¢å“å®Œå…¨ç¹¼æ‰¿äº†æ—¥æœ¬çš„ç²¾é«“ï¼Œä¸¦ç¹¼æ‰¿äº†ä¾†è‡ªè©²é ˜åŸŸé ˜å…ˆå°ˆå®¶çš„é†«ç”Ÿåœ˜éšŠé€²è¡Œçš„ç¾ä»£æ·±å…¥ç§‘å­¸ç ”ç©¶ã€‚

å‚³çµ±ä¸­è—¥æé€šéæŒ‰ç…§ä¸€å®šçš„é»ƒé‡‘æ¯”ä¾‹åˆ†é›¢å’Œçµ„åˆè—¥ç‰©æˆåˆ†çš„å¤šå€‹éšæ®µï¼Œç ”ç©¶äººå“¡æˆåŠŸåœ°ç”Ÿç”¢å‡ºäº†å…·æœ‰ä»¥ä¸‹5ç¨®åŠŸèƒ½çš„[æ—¥æœ¬è—¤ç´ ](https://okabuy.com/)ï¼šå¹«åŠ©é›•åˆ»ä¿®å¾©è…è‡Ÿæå‚·ã€è…è‡Ÿè™›å¼±ã€å¤šæ¬¡æ¶ˆé™¤å¤œé–“æ’å°¿ç—‡ç‹€ã€èƒŒéƒ¨ç–¼ç—›ã€è†è“‹ç–²å‹...é‡å°ç”·æ€§ç”Ÿç†å•é¡Œçš„ç”·æ€§ç”¢å“ï¼Œä¾‹å¦‚ï¼šæ—©æ´©ã€å‹ƒèµ·åŠŸèƒ½éšœç¤™ã€åŠŸèƒ½å—æå’Œæ€§æ…¾...

[æ—¥æœ¬è—¤ç´ ](https://okabuy.com/)çš„æˆåˆ†å‡ºç¾äº†ç¨€æœ‰çš„æ±æ–¹è‰è—¥ï¼Œé€™äº›è‰è—¥è¢«ç¨±ç‚ºç”·æ€§ç”Ÿç†å•é¡Œçš„â€œç ´å±€è€…â€ï¼Œä¸‰ç¨®ä¸»è¦æˆåˆ†ï¼šäººåƒï¼Œèµ¤æ ¹è‰ï¼Œé›„é¹¿é­ï¼Œç•¶é€™äº›è‰è—¥æ»²é€åˆ°é«”å…§æ·±è™•æ™‚ï¼Œå°‡æœ‰åŠ©æ–¼ç”·æ€§â€œæ ¹æ²»ç—‡ç‹€ï¼Œç ´å£æºé ­â€çš„å›°æ“¾ã€‚

## æ¼”å“¡é˜®æµ·å°[æ—¥æœ¬è—¤ç´ ](https://okabuy.com/)çš„æ²»ç™‚çµæœæ„Ÿåˆ°éå¸¸æ»¿æ„

\[caption id=""attachment\_759"" align=""aligncenter"" width=""768""\]ğŸ“· æ—¥æœ¬è—¤ç´ å¹«åŠ©æ¼”å“¡é˜®æµ·â€œå–šé†’â€æˆ¿é–“çš„æ¿€çƒˆè¡¨æ¼”\[/caption\]

æ­¤å¤–ï¼Œç¶“éä¸€æ®µæ™‚é–“çš„ä½¿ç”¨ï¼Œå¾ç¬¦åˆGACP-WHOæ¨™æº–çš„100ï¼…æ¸…æ½”å¤©ç„¶è‰è—¥ä¸­æå–çš„é€™äº›æˆåˆ†é‚„æœ‰åŠ©æ–¼æ»‹é¤Šç”·æ€§èº«é«”ï¼Œç”¢ç”Ÿéª¨é«“ç›Šè™•ä¸¦è®Šå¾—å¥åº·ã€‚å …éŸŒï¼Œå¥åº·ï¼Œæ¸…çˆ½çš„ç²¾ç¥ï¼Œæ”¯æŒå¢åŠ èº«é«”çš„æŠµæŠ—åŠ›ä¸¦é¡¯è‘—æ”¹å–„èº«é«”çš„å…ç–«ç³»çµ±ã€‚

å› æ­¤ï¼Œ[æ—¥æœ¬è—¤ç´ ](https://okabuy.com/)ä¸åƒ…è¢«èªç‚ºæ˜¯å¹«åŠ©å…‹æœç”·æ€§ç”Ÿç†å•é¡Œçš„çå¯¶ï¼Œè€Œä¸”é‚„æ˜¯å¹«åŠ©æ‚¨æé«˜æ¥­ç¸¾å’Œæ¢å¾©å°Šåš´çš„â€œè¬èƒ½é‘°åŒ™â€ã€‚åƒäºŒåæ­²ä¸€æ¨£çš„æœ‰è‡ªä¿¡ï¼

ç›®å‰ï¼Œâ€œ[æ—¥æœ¬è—¤ç´ ](https://okabuy.com/)â€å·²ç¶“é€šéäº†è¡›ç”Ÿéƒ¨çš„åš´æ ¼å¯©æŸ¥ï¼Œä¸¦ç²å¾—äº†åœ¨å…¨çƒèŒƒåœå…§ç™¼è¡Œçš„è¨±å¯ã€‚ç”±æ–¼å…¶å°æ²»ç™‚ç”·æ€§ç”Ÿç†å•é¡Œçš„ç©æ¥µè²¢ç»ï¼Œ[æ—¥æœ¬è—¤ç´ ](https://okabuy.com/)åœ¨é›»è¦–ç¯€ç›®ï¼Œå ±ç´™ï¼Œä¹…è² ç››åçš„ç¶²ç«™ä¸Šç¶“å¸¸è¢«æåŠï¼›å¦‚æœä½ è¦ä½¿ç”¨ä¸€ç¨®æ–¹æ¡ˆè§£æ±ºæˆ¿äº‹å›°ï¼Œåœ¨ä½¿ç”¨10å¤©åå–šé†’åƒæ¼”å“¡**é˜®æµ·**é€™æ¨£çš„å‹‡çŒ›ï¼Œè«‹èˆ‡å²¡æœ¬è—¥å¦åº—è¯ç¹«ï¼Œä»¥ç²å–å»ºè­°å’Œæ”¯æŒï¼Œç›´æ¥æ²»ç™‚ã€‚",shittymoviedetails,1606462548,ThoughtWilling9097,True,1,5,2020-11-26
"In the movie Home Alone, Jimmy the stockboy didn't really care if the toothbrush got stolen","He just played along to get some air, his bosses were huge dicks.",shittymoviedetails,1606468922,cinematographique,True,1,0,2020-11-27
Tomb raider game,"Get the best way,techniques and system to play your Tomb Raider right now before it gets too late .

 [https://www.youtube.com/watch?v=hrZ8d6TWUIw](https://www.youtube.com/watch?v=hrZ8d6TWUIw)   Hollywood does the best",shittymoviedetails,1606489389,YoungStar2020,True,1,0,2020-11-27
Hi,[removed],shittymoviedetails,1606507767,Mary-Clunies,True,1,0,2020-11-27
Instagram,am looking for a movie to watch on Netflix please do you know any interesting one that i can watch?,shittymoviedetails,1606514507,Emperornil,True,1,11,2020-11-27
movie pitch,"I kinda know that this completely doesn't fit here, but nonetheless since it's 2020, I think this movie which hasn't been released could slip into this category think of it as an adaptation theory pitch for the presentation/movie of David Icke : The lion sleeps no more.

So yesteday I've been watching some David Icke, and although i am feeling more like a reptillian than human (I can't really say that I feel as innocent as a gnostic human being that is, although what roman empire did to the library of alexandria is kinda un-forgivable in a way, despite perhaps there was a reason for why they did - maybe they have seen the future timelines of people (either reptiles killing humans or the other way, and for the prosperity of the citizens of the earth -&gt; human interbreeding involved for highest rate of prosperity in terms of genetical superiority for the galactic empire-&gt; they choose to just scan the whole library of alexandria and sent it to the moon-which is hollow, but didn't have to be that way from the beginning-maybe it was just a little planetary rock, like there could be someone like Elon Musk in the past flying there, while at that time still being just a little rock and building the moon from within on the top of that rock, spreading multiple building bases all arrround it, taking 100s if not thousands of years theoretically-&gt; what may one call 2000 years of stagnation ( we started brutally developing since industrial revolution,but meanwhile we were dummies kinda like we have been pumping sumthing gradually from the angels, or rather being fed, than given the knowledge (that could be ours and deserved). untill it started looking naturally for the people of our age, to assume that the moon is real natural phenomenon of the real universe.

&amp;#x200B;

tbh,though I can't say I didn't frantically enjoy the almost 3 hours long speech from 2012 (The lion sleeps no more)

So speaking of the Ideas that Icke was I have an Idea about a movie that would involve,",shittymoviedetails,1606542867,DormaIsNorma,True,1,0,2020-11-27
While filming The Room(2003) Tommy Wiseau was heard off-screen having problems tying his shoes properly. The director liked the actor's raw emotion so much that he put the line in the film.,"&amp;#x200B;

https://preview.redd.it/nwmmimiillv51.jpg?width=1080&amp;format=pjpg&amp;auto=webp&amp;s=65527dfed90b4fe8d484fb33f2784e0f29305116",shittymoviedetails,1603787525,PoeJam,True,1,6,2020-10-27
"Contrary to the title of the film there is actually no bull in Raging Bull, just as there is no wolf in The wolf of Wall Street and just as the characters talk in Silence. It's a reference at the fact that Martin Scorsese is actually terrible at making movies",https://i.imgur.com/J4iBwfs.jpg,shittymoviedetails,1603913424,FaceOuPile,True,1,5,2020-10-28
"In Inside Out, if you look on the table there is a banana","&amp;#x200B;

https://preview.redd.it/ddjjdoesfxv51.png?width=640&amp;format=png&amp;auto=webp&amp;s=61cadb85ca979e101f2b5c88077146d44ff412a7",shittymoviedetails,1603930674,125RAILGUN,True,1,1,2020-10-28
Colin Farrell transforming into the Penguin for Batman (2020),"&amp;#x200B;

https://preview.redd.it/he57sy87zrj51.jpg?width=800&amp;format=pjpg&amp;auto=webp&amp;s=4765d4ddde326b1a0c0e3ff217312cf8eccaa3f5",shittymoviedetails,1598634381,schlynch,True,1,0,2020-08-28
â€˜Fantastic 4â€™ Shit Sequel,Tried not to see this film without watching the first three films of the â€˜Fantasticâ€™ series but I cannot find them anywhere. Anyway it spent half of the film explaining how they were created so I wouldnâ€™t even bother with them tbh.,shittymoviedetails,1598635646,LA_72,True,1,1,2020-08-28
FINALLY,"In The New Mutants (2020 FINALLY) there is a weird directing choice of putting a man in glasses walking down a stair in front of the camera in the middle of a scene, i don't know what the director was thinking at the moment, and i'm sure this is his idea and not just a dude that walked in front of the guy who was filming the shitty cam version that i downloaded because i didn't want to go to the theater because i don't want to die of covid for a movie screening in the middle of a fucking pandemic

https://preview.redd.it/xjqovytadtj51.jpg?width=1366&amp;format=pjpg&amp;auto=webp&amp;s=0392709c36810d15a812af08645cb6b163a6b153",shittymoviedetails,1598651330,Thejoaojon,True,1,0,2020-08-28
"In Ocean's Eleven (2001), the movie chose Elvis' song ""A Little Less Conversation"" for the Vegas montage, because using ""Viva Las Vegas"" would have been basic AF.",,shittymoviedetails,1598675714,throwawayblueline,True,1,0,2020-08-28
"In Game Of Thrones, two funeral stones painted to resemble open eyes are placed over the closed eyes of the deceased. The symbolic meaning of this is to signal that season 8 will be so awful your eyes will turn to stone, and remain that way until you die.",,shittymoviedetails,1593541342,infodawg,True,0,0,2020-06-30
Pursuit of Happyness plot question: Why didn't Chris Gardner let Linda take Christopher?,"I watched this movie with my family the other day, and we all loved it, but we were all bothered by this plothole. Linda had a job lined up with her family's business. She would have had income, and would  have been surrounded by family, whereas Chris, at that point, had nothing. Chris successfully persuades Linda to leave her son with him by saying ""You can't take care of him, you know that."", which she agrees to without much of a fight.  
It seems like such a small thing, but it bothers me that most of the plot is staked on Chris having a small child with him, a problem that could have been easily avoided. And it's no small thing for a mother to leave her child.  
My guess is that it was due to her smoking problem, or alluding to substance abuse or mental health issues? Why else would she not have been able to care for Christopher?",shittymoviedetails,1593560696,coffeeoveradderall,True,1,2,2020-06-30
"Onward (2020) Early in the film, the mother character refers to the family pet as a ""Bad Dragon."" This is yet another example of the hidden subliminal dildo marketing inserted into movies.",,shittymoviedetails,1593612300,anythingistrump,True,2,0,2020-07-01
Movie title,"So when i was younger i used to watch this animated movie and it was my favourite of all time, but for the life of me I canâ€™t remember what its called, and whenever I describe it people donâ€™t know it. If anyone can tell me what itâ€™s called it will make my year

So there are two wolves and one of them is tired of the over protective nature of the other so she runs away, during the course if the movie she finds this hamster in a cave who makes her ask â€œwho are youâ€, then she runs into these wild runaway dogs who do what they want. 

I know its not much to go on but if anyone knows please tell me",shittymoviedetails,1590927712,Degreyplace1,True,1,3,2020-05-31
The beautiful colors of Studio Ghibli movies.,"&amp;#x200B;

Source: [https://thecinematicshots.tumblr.com/](https://thecinematicshots.tumblr.com/)

&amp;#x200B;

Iâ€™ve always loved the distinct works of **Hayao Miyazaki**, so I thought Iâ€™d use my tech skills to visualize why his movies are so pretty.

First I took my Blu Ray of **Castle in the Sky**, and with a script extracted all the frames from the movie.

&amp;#x200B;

https://preview.redd.it/a447m0nup5251.png?width=1280&amp;format=png&amp;auto=webp&amp;s=4c22da37b7b05f347074162377be052e100528f3

The script will compress every frame of the movie into one single pixel, like this:

&amp;#x200B;

https://preview.redd.it/6slrp0gxp5251.png?width=1280&amp;format=png&amp;auto=webp&amp;s=85ee93bfd9b518977f0751d5b141d51d3814cb18

You can see how in this frame the dominating colors are green and blue. After extracting 5000 frames from the whole movie, we get something like this:

&amp;#x200B;

https://preview.redd.it/1fyu6ugzp5251.png?width=1280&amp;format=png&amp;auto=webp&amp;s=973912b1e914c8d5b646e66964d9b1941515762d

You can already see how colorful the movie is. With some Photoshop manipulation, I turned this *barcode* into two different visualizations: **Warp** and **Circular**.Â 

&amp;#x200B;

https://preview.redd.it/heecuq81q5251.png?width=1280&amp;format=png&amp;auto=webp&amp;s=6a2d0af723c159d21a63c3a1da4a30e380a3002e

Then I put them into posters or stickers.Â 

&amp;#x200B;

https://preview.redd.it/vim3in45q5251.png?width=1280&amp;format=png&amp;auto=webp&amp;s=d64e71de31555f443390a624847b13e8f9319b01

I did the same process for ***Spirited Away***, another **Studio Ghibli** movie, and it is as colorful as ever:

&amp;#x200B;

https://preview.redd.it/juvvtpf7q5251.png?width=1280&amp;format=png&amp;auto=webp&amp;s=04ebc5a720570c2f431505147a793c4b4b88b58b

Which version do you thinks looks better? The one as a *warp tunnel*Â or the *circular concentric*Â one?",shittymoviedetails,1590955638,sagnik528491,True,2,1,2020-05-31
In Waterworld (1995) paper is one of the most valued resources. This is in reference to the the toilet paper shortages in 2020.,"&amp;#x200B;

[Waterworld \(1995\)](https://preview.redd.it/jjhxbigss5251.png?width=1280&amp;format=png&amp;auto=webp&amp;s=c38dcc7ac62787d7635a461a3540b8fe4ce9af5d)",shittymoviedetails,1590956461,sagnik528491,True,7,1,2020-05-31
"In The Martian, Mark Watney is meant to be stranded alone on Mars but if you pay attention you can clearly tell that thereâ€™s also a camera man on Mars with him documenting his story.",,shittymoviedetails,1590984524,TacoQuest,True,4,0,2020-05-31
"TIL that in 1969, Marlon Brando started eating one cat per day on the advice of Francis Ford Coppola, to prepare for his role in The Island of Dr. Moreau (1995). The cat that Brando eats in the opening scene of The Godfather (1971) was the fifth cat Brando had eaten that morning of filming.","&amp;#x200B;

https://preview.redd.it/atsq3k2t3zv41.png?width=469&amp;format=png&amp;auto=webp&amp;s=7df413f0e4d4ecf6e04f7b2f66df8455ba74c637",shittymoviedetails,1588260542,windjackass,True,1,1,2020-04-30
"In the movie ""Logan"" (2017), the writers include a small detail that proves they themselves actually wrote this movie in the future. It's a small moment when Logan tells Professor X ""There are no new mutants"". This is a subtle nod to the fact the film ""New Mutants"" will never be released.",[removed],shittymoviedetails,1588274313,yeeticus05,True,1,0,2020-04-30
JK Rowling made Harry not marry Hermione because it would be really fucking weird if Ron ended up with Ginny.,"&amp;#x200B;

https://preview.redd.it/p4iarf74n1w41.jpg?width=1280&amp;format=pjpg&amp;auto=webp&amp;s=c645931e13516d97f6a82f4b9280b5852cfae59f",shittymoviedetails,1588291061,Knaasbiesbaas,True,1,8,2020-04-30
He called the shit â€˜poopâ€™,Itâ€™s poop again,shittymoviedetails,1588307603,johnflickster,True,1,0,2020-04-30
Extraction on Netflix,Worst dental documentary ever,shittymoviedetails,1588415515,jpowo,True,1,1,2020-05-02
"Despite its title, The Never-ending Story, ends after 107 minutes",,shittymoviedetails,1585658124,COVID19_4Lyf,True,1,2,2020-03-31
"In Inglorious Bastards (2009), Christoph Waltz' Character asks for a Glass of Milk early in the movie. This foreshadows a moment several seconds later, where he drinks a glass of milk.",,shittymoviedetails,1585671024,catchplentytoo,True,9,0,2020-03-31
Inside Out (2015),"Riley and Riley's fathers emotions have different hair depending on emotion (Joy &amp; Sadness blue, Disgust green etc.) whereas Riley's mothers all have the same brown low pony and red glasses that she sports.",shittymoviedetails,1585687939,Subtle-Insomniac,True,1,0,2020-03-31
Wolverine is able to regenerate from damage that would be fatal to almost anyone else. This is evidenced by the fact that his character survived the damage inflicted by X-Men Origins : Wolverine.,,shittymoviedetails,1585727090,theotheranotherother,True,1,1,2020-04-01
"In the movie Tropic Thunder the role of Kirk Lazarus is played by Robert Downey Jr., because C. Thomas Howell never auditioned for the role.",,shittymoviedetails,1585767765,snyderde,True,1,0,2020-04-01
"There is no deer in ""The Killing of a Sacred Deer"".",,shittymoviedetails,1585814032,xgnagx,True,1,0,2020-04-02
Robert Rodriguez was inspired to write Spy Kids 4 when Jessica Albaâ€™s baby did a big shit at his house,,shittymoviedetails,1585829553,piblhu,True,1,0,2020-04-02
"In Suicide Squad (2016), Jared Letoâ€™s Joker has the word â€˜Damagedâ€™ written on his forehead. This is a reference to Letoâ€™s role in Requiem for a Dream (2000), in which his character suffered from drug addiction and loses an arm.","&amp;#x200B;

https://preview.redd.it/e1h533ykj5k41.jpg?width=980&amp;format=pjpg&amp;auto=webp&amp;s=f98b30851fd0180adc18bf52b1cb10ad3be93772",shittymoviedetails,1583108079,Knaasbiesbaas,True,1,0,2020-03-01
"I John Wick 3, Keanu Reeves says he needs ""guns, lots of guns"" just like he did in the Matrix. This is a nod to the fact that Lawrence Fishburne starred in both movies.",,shittymoviedetails,1580481022,Moglorosh,True,1,0,2020-01-31
"The original title of Crazy, Stupid Love was Untitled Marital Crisis Comedy. No. Really.",,shittymoviedetails,1580502668,infodawg,True,1,0,2020-01-31
"In Bong Joon-Hoâ€™s critically acclaimed Parasite (2019), the plot is difficult to grasp, the characters are unfamiliar and their motives are totally unclear. This is because I havenâ€™t seen it yet.","&amp;#x200B;

![img](6g8idn0b4be41)",shittymoviedetails,1580560535,Spacehound3000AD,True,1,0,2020-02-01
Jamie Bell so impressed Marvel Studios execs as Jimmy in Peter Jackson's hit movie King Kong (2005) that they insisted on giving him a rare anti-aging treatment developed by Swiss scientists so he could play the role of Peter Parker in Captain America: Civil War. He was credited as Tom Holland.,,shittymoviedetails,1580569421,infodawg,True,1,0,2020-02-01
"In the trailer for the upcoming movie ""Birds of Prey,"" neither birds nor prey are visible.","&amp;#x200B;

https://preview.redd.it/byqa16hnsee41.jpg?width=840&amp;format=pjpg&amp;auto=webp&amp;s=2cabb0d3d9b05b188c5d651da72c15f72a657bd0",shittymoviedetails,1580605092,acd_05,True,1,0,2020-02-01
"In Cats (2019), Old Deuteronomy says that ""a cat is not a dog."" This line is delivered directly to the audience because the poor souls watching the movie will be too traumatized to remember what a cat is supposed to look like.","&amp;#x200B;

https://preview.redd.it/mwpx2a7aw4841.png?width=745&amp;format=png&amp;auto=webp&amp;s=2d6b7984eaa9f820a609793b8fba64f955b966e7",shittymoviedetails,1577870071,TheNintendoBoy,True,1,2,2020-01-01
The Greatest Gatsby,"I loved the great Gatsby because everything was so great in the movie. Everybody was happy in the end and nothing bad happened, well for me at least. I was called out of school when we were watching it in class. I literally left the room when they were in Gatsby's closet having all that fun, little did I know watching it again 1 year later that shit hit the fan in that scene right after I had already left the room. So all in all, Great film if you turn it off as they enter his closet.",shittymoviedetails,1577872511,C_chuck,True,1,0,2020-01-01
"In ""Se7en"", Kevin Spacey's character murders a child molester. This is a reference to the fact that Kevin Spacey is a child molester.",,shittymoviedetails,1577904700,Peter_Parkingmeter,True,1,11,2020-01-01
Ok man...,Free movies! https://getpopcorntime.is/mobile.html?utm_source=msh,shittymoviedetails,1577920397,kermanemuikkeli,True,1,0,2020-01-01
"Dangerous Minds (1995) featured a song by Coolio where he wondered if he would lie to see 24, he was 32.",,shittymoviedetails,1577921034,nesper,True,1,0,2020-01-01
"Dangerous Minds (1995) featured a song by Coolio where he wondered if he would live to see 24, he was 32.",,shittymoviedetails,1577921963,nesper,True,1,2,2020-01-01
The Lighthouse (2019) Trailer,"&amp;#x200B;

https://preview.redd.it/74r222hcd9841.png?width=500&amp;format=png&amp;auto=webp&amp;s=0469edbc5dbb5e172c9f9be2f6cef053da6450a1",shittymoviedetails,1577924264,FrodoFraggins99,True,1,0,2020-01-01
"Robert Eggers put the line â€œWhyâ€™d you spill yer beans,â€ in The Lighthouse because he kept on asking himself that question after a traumatic event when he spilled some beans on himself in a theatre while watching Cars 2 causing a black teenager to yell, â€œThis n*gga eating beans.â€",https://encrypted-tbn0.gstatic.com/images?q=tbn%3AANd9GcToa_kRgbMzltObHu_OMP4ofr-dCs-3Fe4nlMk6dhgqv6PSyvmK,shittymoviedetails,1577958527,TheNintendoBoy,True,1,2,2020-01-02
"When Vader says ""I am your father,"" it's because when a daddy puts his weewee in mommy's hoohah that is how babby",,shittymoviedetails,1575293891,pioneerpass,True,1,3,2019-12-02
"In DÃ©jÃ  Vu (2006), starring Denzel Washington, Val Kilmer and Jim Caviezel, there is a tongue-in-cheek reference to Jim Caviezelâ€™s previous role as Jesus Christ in 2004â€™s The Passion of the Christ.","Val Kilmer and Denzel Washington are hunting Jim Caviezelâ€™s character in â€œDeja Vuâ€, and Val says to Denzel, â€œWeâ€™re going to nail this son of a bitchâ€.

Jim Caviezel played Jesus Christ, two years prior in â€œThe Passion of the Christâ€, where he was nailed to a cross.",shittymoviedetails,1575299013,VaultDwellerMike,True,1,0,2019-12-02
In the Irishman - notice how the other characters carefully ignore his platform shoes in case he flies into a murderous rage,[Evidence](https://i.imgur.com/bQ4YSIM.jpg),shittymoviedetails,1575324635,cgknight1,True,1,1,2019-12-02
"In the ""Zapruder film"" JFK assassination , no actor is credited and they all play themselves SMH",[https://www.imdb.com/title/tt0131658/](https://www.imdb.com/title/tt0131658/),shittymoviedetails,1575344163,Skumocomics,True,1,0,2019-12-02
Black Widow Trailer Proves Hopper from Stranger Things is Alive in Russia,"The Black Widow trailer has proof that Hopper is alive. In it he is shown there with a Russian accent with his family saying it is good to be home. That is because in the 80s he was transported there and has spent the last 30 years there, raised a family and they are now back home for the holidays.",shittymoviedetails,1575361279,lepslair,True,1,0,2019-12-03
Big hairy snatch,The movie Snatch. Thereâ€™s a scene where one of the gangstas is getting fitted for a suit while talking on the phone to cousin avi. Every time the camera switches back and forth the gangsta is wearing a different suit even though there wasnâ€™t enough time to change as well as continuously talking on the phone which isnâ€™t cordless,shittymoviedetails,1572698522,doodlemolz,True,0,6,2019-11-02
What happened to /r/MovieDetails?,Did the mods shut it down?,shittymoviedetails,1572702503,RadarOreily,True,23,9,2019-11-02
https://www.imdb.com/title/tt0080120/,"The film ""The Warriors,"" was a tender treatment towards gay teens coming out to themselves and to others. Just watch the opening credits for proof...",shittymoviedetails,1572731897,Warrenwelder,True,0,0,2019-11-02
"In Matrix (1999) Agent Smith says ""We are the cure"" - this is a subtle nod to the fact that he is in fact Robert Smith, lead singer of The Cure","&amp;#x200B;

https://preview.redd.it/bmi0uvun2hw31.jpg?width=223&amp;format=pjpg&amp;auto=webp&amp;s=a3907b71de869c886f04c1de055fbd304069b95c",shittymoviedetails,1572787440,Guy-Inkognito,True,1,0,2019-11-03
"In Star Wars Episode II Chancellor Palpatine promises ""the power you give me, I will lay down when this crisis has abated"", but in Episode III he not only doesn't but kind of does the complete opposite","Promise made: https://youtu.be/ZuP2wvTAj0E?t=52
Promise broken: https://youtu.be/hS57I6swXcc?t=65

idk if this was a writing mistake or what but he basically says one thing and does the complete opposite. Hopefully, the writers remember and have him finally keep his word in Episode IX",shittymoviedetails,1572802027,Lanzifer,True,15,2,2019-11-03
During the filming of '2012' Tom McCarthy (playing the part of Gordon Silberman) was caught in a spotlight during the nighttime Las Vegas scene. This gave him the idea to direct the movie 'Spotlight' a few years later.,,shittymoviedetails,1570105814,nick9000,True,4,0,2019-10-03
"Transformers (2007), was directed by Michael Bay so that it could be sampled for a new genre of music that he invented called ""dub-step"".","&amp;#x200B;

![img](gz0cb7eaicq31)",shittymoviedetails,1570117015,Walker90R,True,5,0,2019-10-03
"It's been longer between now and the movie ""Back to the Future"" then it was from ""Back to the Future"" to 1955.",The cubs did win though.,shittymoviedetails,1570126852,eric_ravenstein,True,3,2,2019-10-03
"In the movie ""Hot Rod"" Andy Samberg's character, Rod, trips and tumbles down a hill for an extended period of time. This is because Samberg can commit to a roll.","&amp;#x200B;

https://i.redd.it/3nzo94ozudq31.jpg",shittymoviedetails,1570133325,johngrisly,True,9,4,2019-10-03
"In Get Out (2017) Rose Armitage is seen using the search engine Bing, this is a slight nod to the fact that she is a deranged sociopath.",,shittymoviedetails,1570133421,Ilikeeatingcheezitz,True,11,1,2019-10-03
Yo did anyone realize that Master Shifu is a heckinâ€™ red panda and not like a chinchilla or something?? Am I just stupid? That adds a whole new level of depth to their relationship!,,shittymoviedetails,1567573464,GeffGeffGeff,True,15,0,2019-09-03
shitt Funny,[removed],shittymoviedetails,1567603513,arianis11111111,True,1,0,2019-09-04
"In the 1997 thriller ""Face Off,"" Nicholas Cage and John Travolta swap faces with one another. In retrospect, this was unnecessary as the two men could have pretended to do that instead of having an actual real-life surgery for a movie role and we wouldn't have known.",,shittymoviedetails,1567658470,pspetrini,True,17,0,2019-09-04
"In the movie Step Brothers, licking Brennanâ€™s butt hole isnâ€™t actually good for shoulder pain.",,shittymoviedetails,1564962227,PhilipSeymourCoffin,True,8,1,2019-08-04
Stop the discrimination of redhead characters!," Every modern film by comics or cartoons ""murder"" a redhead character. Why? Why do they do it? Here are last victims:

Redd in the Shawshank Redemption  
Starfire in the live actions Titans show  
Wally West from Flash  
Iris West from Flash  
Jimmy Olsen from Supergirl  
MJ in Spider-man  
Bow in the new She-Ra  
Hawkgirl on Legends of Tomorrow  
Little Orphan Annie  
Heimdall in Thor  
Electro in ASM2  
Triss in Netflix Witcher  
Alice Monaghan in Hellboy (2019)  
and other...

Redhead characters are rare, but Hollywood change each of they. Now, the Disney want to change the next character with red hairs. Don't let them do it!

**We must stop this genocide!**

**Join our petition:** [**http://chng.it/sc6F7B2j**](http://chng.it/sc6F7B2j)

Thank you for your support!

&amp;#x200B;

https://i.redd.it/tlqniib82j831.jpg

**I am red-hair!**",shittymoviedetails,1562351045,Izabo13,True,0,1,2019-07-05
This sub is a reference to the fact I took a shit yesterday,"Half the posts here are:

[Random detail in movie] is a reference to [detail in my own life]",shittymoviedetails,1562370102,670MXR,True,1,0,2019-07-05
"In Avengers: Endgame the real hero is the offscreen assistant who organized the interstellar communications system that automatically signs in and enables anyone entering the battle, based on good/bad alignment. Suck it Skype, it wasn't you.",[removed],shittymoviedetails,1562407725,ruckustata,True,1,1,2019-07-06
"In the movie Avengers: Endgame, Tony Stark says ""I love you 3000"", which is an Easter Egg, referring to the year 3000 in which Futurama takes place. Neat.",[removed],shittymoviedetails,1559724922,acagastya,True,1,0,2019-06-05
"In the opening scene of Gladiator(2000) nobody is actually fighting, a subtle nod to how war is a fun adventure.",[removed],shittymoviedetails,1559788710,ObviousViolinist4,True,1,0,2019-06-05
"Mods are asleep, start using Gentle Gesture instead of Subtle Nod",,shittymoviedetails,1559790010,TheCarbodawg,True,2,0,2019-06-05
Dumb endgame stuff,So antman can still shrink  and find the Infinity stones because thanos said gone reduced atoms so yeah dumb,shittymoviedetails,1559846371,lilzuccberg42,True,0,2,2019-06-06
"The 2011 Roman Polanski film ""Carnage"" debuted at the Venice International Film Festival 9/01/11. If you switch the year and day around that's 9/11/01. 9/11. Coincidence?!",[removed],shittymoviedetails,1557181619,dumboldtrump,True,1,0,2019-05-06
"In the Movie, I am Legend starring Will Smith, he talks for like 20 minutes pretending to be Shrek. This is a detail for a shitty movie.",,shittymoviedetails,1557194513,biasedOne,True,0,1,2019-05-06
"In Jurassic Park (1993), the story comes to a thrilling climax when Doctors Grant and Sadler are served champagne. This is a subtle nod to the fact that I fell asleep twelve minutes into the film.",,shittymoviedetails,1557198422,spunkychickpea,True,6,1,2019-05-06
"In James Cameron's, ""The Terminator"", Kyle Reese spends the entire movie free-balling in a drunken hobo's pants, doesn't shower or brush his teeth once - which is all but unheard of in his time - and has sex with Sarah Connor, during which we can assume he at least received a BJ.",Sarah is what you would call the quintessential 'Nasty Bitch'. ,shittymoviedetails,1552088139,kaolin224,True,11,0,2019-03-08
"When Brad Pitt alerts a bunch of zombies by stepping on glass in World War Z, the fact that the zombies were spending the whole time beforehand bumping into things and stepping on glass shows that they are actually hyper intelligent and can pinpoint the exact origin of any random noise",,shittymoviedetails,1552116819,WargRider23,True,1,0,2019-03-08
"[Who Framed Roger Rabbit] For the majority of their scenes together, Roger Rabbit was filmed first, and Bob Hoskins was drawn in later.",,shittymoviedetails,1552120464,alistofthingsIhate,True,19,0,2019-03-09
If you look up oscar winner of 2015 and 2016 you may notice that these movies are made of lyrics of XXXtentaticon songs. This is a subtle nod to the fact that he died. Rip XXXtentac,[removed],shittymoviedetails,1552308394,Kirillking12,True,1,0,2019-03-11
â€œApollo 11â€ was named as such in reference to how much the movie was supposed to rock on a scale of 1-10.,,shittymoviedetails,1552327332,SleepyGary5,True,14,0,2019-03-11
In the movie Spider-Man Homecoming Donald Glover refers to his nephew. This is a subtle nod to the fact that his brother had a son.,[removed],shittymoviedetails,1552949488,Goddamnporkchop,True,24,2,2019-03-18
"In Blade Runner 2049 (2017), replicants can be identified by having them look up and to the left. This is a subtle nod to the fact that the opening text of the film is in English, which is typically read from left to right and top to bottom.",.,shittymoviedetails,1553019499,ResIpsaBroquitur,True,1,0,2019-03-19
Ign is pretty good at spotting details,Check out @IGNâ€™s Tweet: https://twitter.com/IGN/status/1107877383816785920?s=09,shittymoviedetails,1553032550,astikkulkarni,True,8,0,2019-03-19
Alan Smithee must be immortal and very well connected in Hollywood to have made so many shitty movies over the years.,[removed],shittymoviedetails,1549824440,writesgud,True,1,0,2019-02-10
In the movie Beethoven the dog is a St. Bernard,,shittymoviedetails,1549997910,MightHaveSharted,True,1,0,2019-02-12
Hidden Iron Man detail,[removed],shittymoviedetails,1550016306,hughbasterpktrkt,True,1,0,2019-02-12
In Pixarâ€™s â€˜The Incrediblesâ€™ The flashback scene is missing the villain Bomb Voyage. This shows that Pixar forgot to put him in this scene but released the movie anyway,https://i.imgur.com/QjaAvTG.png,shittymoviedetails,1546962064,Saspa314,True,1,0,2019-01-08
Marvel had to CGI Samuel L. Jackson's eye in the upcoming Captain Marvel movie due to the fact that he had his eye replaced with a fake eye for Captain America: The Winter Soldier.,,shittymoviedetails,1546984903,ThatIckyGuy,True,1,0,2019-01-08
In shittymoviedetails (2019) users just take posts from moviedetails and reposts them here with a stupider different title,,shittymoviedetails,1547039278,SchalkLBI,True,1,0,2019-01-09
"Despite being named in a way that would lead to believe otherwise, the 2016 movie Jason Bourne has very little to do with the rest of the Friday the 13th movie series.",,shittymoviedetails,1547177191,pspetrini,True,1,1,2019-01-10
Talk about a smoke stack,[removed],shittymoviedetails,1547187510,Shane-O-Mac1,True,1,0,2019-01-10
Rajinikanth is leading in Petta back to Badshaa Style," 

![img](3ry35onbkr921)

If we go by the million [Rajinikanth](https://onlinemovies4you.com/) jokes powering online sites, Thalaivar can do anything. Stopping and reversing time, it seems, is a breeze for the star. The doubters need to buy tickets for [Petta](https://onlinemovies4you.com/) where director Karthik Subbaraj â€˜Rajinifiesâ€™ you with cigarette flicks and deep throaty laughs. There is that signature sunglass flick too â€“ it is officially 90s again and we are here to partake in this fan feast.

Karthik called his film a celebration of everything Rajinikanth, and that is exactly how it plays from its first frame to the last â€“ specially the climactic frame. Petta is a film made by a Rajinikanth fan, for Rajinikanth fans.

â€œVayasanalum, un style um azhagum, unna vitta pogala (Even though you have grown older, your style and beauty has not left you),â€ said Neelambari in Rajinikanthâ€™s Padayappa and in Peettaâ€™s entry scene, with his signature deep laugh, it does feel we are back in time. This feat is achieved not just by the superstar, but by the entire cast and crew. From the title card, to the songs that Rajini loves to listen on his old radio â€“ it is pure nostalgia packaged as a film.

Watch Movie Online:[http://onlinemovies4you.com](http://onlinemovies4you.com/)",shittymoviedetails,1547199883,daredevil1226,True,1,0,2019-01-11
The Black Mirror episode Bandersnatch (2018) is named after a fictional creature created by Lewis Carroll in 1872 but I can't tell you why that's relevant to the episode because I didn't finish reading the Wikipedia article and thinking makes my head hurt.,"Here's the Wikipedia article: [https://en.wikipedia.org/wiki/Bandersnatch](https://en.wikipedia.org/wiki/Bandersnatch)

Could someone else write the TL;DR? Because I am TL,DR.",shittymoviedetails,1547238858,writesgud,True,1,3,2019-01-11
in kingdom hearts 2fuck wait thats a video game nevermind,[removed],shittymoviedetails,1547523277,gamesthatown,True,1,0,2019-01-14
"Spider-Man: Far From Home (2019) A fellow student is taking a picture of Ned, this is a nod to a common practice by tourists in foreign countries.","&amp;#x200B;

*Processing img z0urjt9bema21...*",shittymoviedetails,1547572620,JakeALakeALake,True,1,0,2019-01-15
"Dragonball Evolution actually exists and was aired in theaters and was not just an insane, collective fever dream.",,shittymoviedetails,1547620426,Josh_From_Accounting,True,1,0,2019-01-15
"Judgment at Nuremberg (1966) is actually about director Stanely Kramers, Judgment@Nuremberg.com",[removed],shittymoviedetails,1547646733,funnyjokeis21,True,1,0,2019-01-16
"Judgment at Nuremberg (1966) is actually about director Stanely Kramers email, Judgment@Nuremberg.com",[removed],shittymoviedetails,1547646809,funnyjokeis21,True,1,0,2019-01-16
Lightning McQueen is a statutory rapist,"Epic Film Fact: 
Lightning McQueen, star of the 2006 blockbuster film ""Cars"" is a statutory rapist. 
In the film Lightning meets and falls in love with a car named Sally Carrera, a 2002 Porsche 911. This makes Sally only 4 years old during the film (which takes place in 2006). Lightning on the other hand is a stock car and while his age isn't expressly given, we know that an average stock car can race for 20 to 30 years. Because lightning is the best we can assume that he is 30 years old at the end of ""Cars 3"", which takes place in 2017, 11 years after ""Cars"". This would make Lightning 19 years old when he meets Sally. 
As the majority of the films take place in the United States, which has the age of consent set at 17 years old, every time Lightning sticks his engine shaft in Sally's exhaust pipe he is committing statutory rape. ",shittymoviedetails,1547689076,ihaveaname_,True,1,0,2019-01-16
"Infinity war title color is gold and endgame title color is purple hiting at the fact that he's the mean character, being his armer is gold and his skin is purple",[removed],shittymoviedetails,1544220611,NeatDiet5,True,1,0,2018-12-07
"In MAN OF STEEL, Clark Kent/Kal-El didn't set off a single metal detector because he isn't actually made out of steel, he is actually made out of flesh and bone. And lots of muscles.",[removed],shittymoviedetails,1544245720,RPM021,True,1,0,2018-12-07
If you watch Rocky (1976) it is about a man who loses a boxing match then loses his girl and proceeds lose confidence through the whole movie till he ends up working for a loan shark and canâ€™t pay his bills and gets kicked out of his boxing gym.,,shittymoviedetails,1544293805,Hitlersartcollector,True,1,10,2018-12-08
"In order to properly research his role in World Trade Center (2006), Nicholas Cage actually went down to ground zero and laid in the rubble for six hours yelling at anyone who would listen to help him.",,shittymoviedetails,1544298725,pspetrini,True,1,2,2018-12-08
"The ocean is really goddamn blue. That's why Finding Dory is so much more difficult than finding Nemo, because Nemo is orange and very easy to find.",[removed],shittymoviedetails,1544349799,gamesthatown,True,1,1,2018-12-09
"BTTF ""Who the hell is John F Kennedy?""",Real answer from Marty should have been: A fucking war hero and current US Senator from Massachusetts.  ,shittymoviedetails,1544737116,toodarnloud88,True,1,0,2018-12-13
"In the movie ""Chronicle"" All the scenes were filmed using video cameras as a nod to the fact that that's how people film stuff!",[removed],shittymoviedetails,1545042443,MOHCINEBOUHYA,True,1,0,2018-12-17
HAVE A LITTLE FAITH (2011) MOVIE,[removed],shittymoviedetails,1545313633,paumosby,True,1,0,2018-12-20
"The Cloverfield Paradox - Cloverfield (2008). If you play both films at the same time, the precise moment the credits roll in Paradox you'll realize you've wasted 102 minutes of your life",[removed],shittymoviedetails,1545316704,hecl,True,1,31,2018-12-20
"In Venom (2018) the Symbiote is referred to as a parasite multiple times. This is a reference to its real life inspiration, Sony Pictures.",,shittymoviedetails,1545391142,Joeliecus,True,1,4,2018-12-21
The Wolf Of Wall Street (2013) confused moviegoers who were expecting to see DiCaprio play a wolf. The title is a rather clever reference to Jordan Belfortâ€™s predatory business tactics.,,shittymoviedetails,1541776930,kukienboks,True,1,3,2018-11-09
"In alfred hitchcock's movie ""psycho"", you can see flashes of a butcher knife, which symbolizes danger.",,shittymoviedetails,1541826839,vanhalenforever,True,1,0,2018-11-09
r/ShittyMovieDetails position in the upcoming meme wars.,"We will take no sides in [this meme war](https://www.reddit.com/r/AlliedHQ/). instead, we will stand in the sidelines, subtly nodding to all participants. ",shittymoviedetails,1541891761,ShaneH7646,True,1,5,2018-11-10
"Little known fact, but the clips surrounding Stan Lee cameos actually have their own plotlines and form a coherent cinematic universe.",,shittymoviedetails,1542057565,DoTheElectricEel,True,1,0,2018-11-12
"In ""The Dark Knight"" (two-thousand and 8) Bruce and Alfred spend the entirety of the film in an apartment. This is because Wayne Manor was burnt down in ""Batman Begins"" (two-thousand and 5) and is being rebuilt.",,shittymoviedetails,1542070288,1thangN1thang0nly,True,1,0,2018-11-12
"I watched Goldeneye today and they had the steering wheel on the wrong side of the car. But I looked it up and actually in England they not only have their wheels on the wrong side, they also drive on the wrong side of the road.",,shittymoviedetails,1542338102,Hotcakes4you,True,1,4,2018-11-15
Gaston is the hero we donâ€™t deserve,[removed],shittymoviedetails,1542368004,SirBeepBoop,True,1,1,2018-11-16
"In the 2013 film The Wolf of Wall Street, the characters are portrayed by humans, proving that Wall Street is a real street",[removed],shittymoviedetails,1538987704,funnyjokeis21,True,1,1,2018-10-08
"The name Aquaman from Aquaman (2018) is a subtle nod to water, much makes up 3/4 of the human body, so technically we're all Aquamen and -women and -anythinginbetween",,shittymoviedetails,1539072645,spambot889,True,1,21,2018-10-09
A quiet place takes place in scranton.,"this is a nod to dwight from the office, a character from the office, which the director of the movie was also a character on ",shittymoviedetails,1539139356,RagingAcid,True,1,0,2018-10-09
"In The Equalizer 2, Denzel Washington's character is slow and old - this is a reference to Denzel being too old to do action movies",,shittymoviedetails,1539265576,The-Go-Kid,True,1,0,2018-10-11
In 'Crazy Rich Asians' (2018) the producers were very careful to title it that way as a subtle nod to the fact that it has nothing to do with the plight of African Americans all across ghettos in the US over the past several decades.,"it's about crazy rich Asians, I guess.  I don't know if they mean it's that they're crazy people - or crazy rich - or both?

I don't know, I haven't seen it.",shittymoviedetails,1539279222,reddelicious77,True,1,0,2018-10-11
"TIL that Jodie Foster prepared intensively for her role as FBI agent Clarice Starling by living out in the woods and drilling obstacle courses. This led to Miggs actor Stuart Rudin ad-libbing the now famous line: ""I can smell your cunt""",,shittymoviedetails,1539288907,Joe64x,True,1,0,2018-10-11
"In The Dark Knight Rises (2012) the 'rises' refers to the fact despite having romantic interests in all three movies, in this one he actually gets it up, for once, with Talia Al'Ghul.",,shittymoviedetails,1539449687,algernonsflorist,True,1,1,2018-10-13
Ğ¡Ğ²Ğ¾Ğ¹ Ğ¾ÑĞµĞ» Ñ€Ğ¾Ğ´Ğ½ĞµĞ¹ ÑĞ¾ÑĞµĞ´ÑĞºĞ¾Ğ¹ Ğ»Ğ¾ÑˆĞ°Ğ´Ğ¸.,[removed],shittymoviedetails,1539459619,PynaflowxD,True,1,0,2018-10-13
"In the "" Terminator 2: Judgment Day "" ( 1991) Official DVD on Blueray of the directors cut. If you pause the movie at the scene were the 2 Terminators meet. look at the back wall on the far right you will see a poster advertising toilet rolls.",[removed],shittymoviedetails,1539462966,ElatedPixel,True,1,0,2018-10-13
Ğ ĞµĞ¼ĞµÑĞ»Ñƒ Ğ²ĞµĞ·Ğ´Ğµ Ğ¿Ğ¾Ñ‡ĞµÑ‚,[removed],shittymoviedetails,1539495028,keldeo2204,True,1,0,2018-10-13
Ğ¡Ğ²Ğ¾Ğ¹ Ğ¾ÑĞµĞ» Ñ€Ğ¾Ğ´Ğ½ĞµĞ¹ ÑĞ¾ÑĞµĞ´ÑĞºĞ¾Ğ¹ Ğ»Ğ¾ÑˆĞ°Ğ´Ğ¸.,[removed],shittymoviedetails,1539539357,ICSharpCod,True,1,0,2018-10-14
"Ğ‘ÑƒĞ´ĞµÑˆÑŒ Ğ¾Ñ‚Ğ·Ñ‹Ğ²Ñ‡Ğ¸Ğ² â€“ Ğ¿Ñ€Ğ¸Ğ¾Ğ±Ñ€ĞµÑ‚ĞµÑˆÑŒ Ğ´Ñ€ÑƒĞ·ĞµĞ¹, Ğ±ÑƒĞ´ĞµÑˆÑŒ Ğ¿Ñ€Ğ°Ğ²Ğ´Ğ¸Ğ² â€“ Ğ½Ğ°Ğ¶Ğ¸Ğ²ĞµÑˆÑŒ Ğ²Ñ€Ğ°Ğ³Ğ¾Ğ².",[removed],shittymoviedetails,1539548933,satincheese180,True,1,0,2018-10-14
In the wizard of oz Dorothy originally wasnt dreaming. Only after the director realized witches aren't real did they add the dream sequence in to save some $$$$,,shittymoviedetails,1539596741,pippy3141,True,1,0,2018-10-15
"*SPOILERS* In the upcoming film 'Glass', Bruce Willis is actually playing his character from the film 'The Sixth Sense', and the big twist is that Samuel L Jackson and James McAvoy can see ghosts in addition to their other powers",,shittymoviedetails,1539640476,gunslingrburrito,True,1,0,2018-10-15
Rapper Swae Lee played Z from Antz,"&amp;#x200B;

https://i.redd.it/sckmc9yi7ms11.jpg",shittymoviedetails,1539725078,joaotavio_,True,1,1,2018-10-16
"In the movie Guardians of the Galaxy Vol 3. (2020), James Gunn released this picture of him directing on set",[removed],shittymoviedetails,1539803733,Nhanzel,True,1,1,2018-10-17
Guardians of the Galaxy 2 proves that Nick Fury: Agent of Shield is a part of the MCU,"In this film the villain for a brief moment takes the form of
[Nick Fury](https://www.youtube.com/watch?v=t5wbtcNqTTg) as seen in the film [Nick Fury: Agent of SHIELD](https://en.wikipedia.org/wiki/Nick_Fury:_Agent_of_S.H.I.E.L.D._\(film\)).  This proves that this film is a part of the Marvel Cinematic Universe.  ",shittymoviedetails,1539890838,ThandiGhandi,True,1,0,2018-10-18
"In the movie ""Toy Story"", Andy's mom says she is serving ""Cool Ranch"" and ""Barbecue"" chips at the birthday party - these are actual flavors of chips available in the United States at the time.",[removed],shittymoviedetails,1536418805,bluecoloredlenses,True,31,1,2018-09-08
Products Name : Paddle Board,[removed],shittymoviedetails,1536472123,McReynoldsli,True,1,0,2018-09-08
"In the upcoming 'Captain Marvel' movie, Nick Fury will have two eyes in the movie as a result of time being reversed.",,shittymoviedetails,1536515629,kissmyashes1990,True,22,0,2018-09-09
"Despite initially appearing to be a direct sequel to the original trilogy, the 2018 film Anal Soccer Moms #4 is actually an entirely-new standalone adventure, with new characters introduced to the series and a plot unconnected with the original movies.",,shittymoviedetails,1536553745,pspetrini,True,21,0,2018-09-09
"In crafting the ending to the 1997 movie Titanic, director James Cameron chose to have the boat sink after crashing into an iceberg. This is a subtle homage to a real-life ship that sunk in the same way called the RMS Titanic.",,shittymoviedetails,1536635279,pspetrini,True,29,0,2018-09-10
"in Zach Braff's Garden State, a trip home for his mother's funeral leads him to meet a quirky girl who introduces him to an indie rock band....",...This rock band's career received a significant boost after the release of the film. This shows that Zach braff's mother is an allegory for Jesus Christ because she died for our shins.,shittymoviedetails,1536638619,tatekau,True,8,1,2018-09-10
"While filming this scene in Pirates of the Caribbean: At World's End they didn't forget to edit out the blood while stabbing that actor, considering that this scene is only an illusion","&amp;#x200B;

https://i.redd.it/sbqgww8i0vl11.jpg",shittymoviedetails,1536780981,seroxis45,True,12,0,2018-09-12
"For the Hobbit movie, producers were looking to cast an actor with big feet for Bilbo's role, but could not specifically ask for that so as not to offend anybody.",[removed],shittymoviedetails,1536832347,EmmaWatsonsLeftNut,True,16,0,2018-09-13
"In Spider-Man (2002), Spider-Man says to the Green Goblin ""I had a father. His name was Ben Parker,"" although his father's actual name was Richard Parker.","This is probably because he cannot properly remember his father's own name, due to the severe brain damage he probably sustained during the fight with the Green Goblin.",shittymoviedetails,1536943953,camarang,True,42,1,2018-09-14
The title of The Lion King is a subtle nod to the main character Simba who is in fact a â€œLionâ€ who becomes a â€œKingâ€.,,shittymoviedetails,1537582829,rynoctopus,True,18,0,2018-09-21
"In James Cameron's movie, ""Terminator 2: Judgement Day"" they used to a '2' in the title to let the audience know that this was in fact a direct sequel to the first Terminator movie.","His first movie was just called 'The Terminator'. 

edit: sorry - me bad writer. Title is poopy. ",shittymoviedetails,1533929300,reddelicious77,True,20,0,2018-08-10
"For Avengers: Infinity War (2018), the filmmakers' exhaustive search for an actor to play the main antagonist came to a conclusion when they cast an actual Titan to play Thanos.",https://i.redd.it/op8rm1b1smf11.png,shittymoviedetails,1534066128,graphicdesignaf,True,17,0,2018-08-12
"In ""The Muppets""(2011), The main characters never blink due to the fact they are being sexually assaulted underneath the camera to make them act in a cruel method of eliciting emotion",*Processing img 7rkv3r3dwvf11...*,shittymoviedetails,1534176331,ArchieVander,True,3,0,2018-08-13
Logan,"A film about an X-Men driving around and killing people is a subtle nod about Caitlyn Jenner, an Ex-Man, who run over someone with his/her car. \[[https://imgur.com/a/N2VKeBF](https://imgur.com/a/N2VKeBF)\]",shittymoviedetails,1531244492,MonotheisticAtheist,True,7,1,2018-07-10
"In the movie ""My favorite martian"" there is a scene where Martin and Tim's car passes through a drainage and end up in a toilet bowl. You can see the beautifully created toilet bowl with fecal matter sticking on its wall. Now thats a true shittymoviedetail!",,shittymoviedetails,1531250722,fat_n_stupid,True,2,0,2018-07-10
Jaws Coincidence,"In the credits of the movie Jaws (1975), there is a credit for ""based on the novel by Peter Benchley."" Coincidentally, Peter Benchley had previously written a novel named ""Jaws.""",shittymoviedetails,1531403578,CommitteeOfOne,True,509,7,2018-07-12
Star wars episode 3 was originally supposed to be titled revenge of the shit but due to a typographical error was titled revenge of the sith. By the time they realised the error it was too late. The word shit was to communicate to the audience how crappy the movie was,,shittymoviedetails,1531410131,fat_n_stupid,True,0,3,2018-07-12
Boner,"Fun fact: Fun fact: on the hot 80s sitcom ""Growing Pains"", if you look closely Richard ""boner"" Stabone was played by a human being, and not a fully engorged and turgid erect penis.",shittymoviedetails,1531438192,Mcb2018,True,8,0,2018-07-12
"In The Departed (2006), when the old guy falls down, Billy Costigan gets blood on his hands, which is the origin for the phrase ""You've got blood on your hands""",,shittymoviedetails,1531460482,UltraTard,True,13,0,2018-07-12
"In Incredibles 2 (2018) Violet says ""Iâ€™m sorry sheâ€™s rich and will get a slap on the wrist!"" this is a subtle nod to executive producer John Lasseter getting a slap on the wrist himself for sexual misconduct at Disney.",,shittymoviedetails,1531519869,ciaranthedinosaur,True,3,2,2018-07-13
"At the time of his death, writer/director John Hughes was developing a meta-sequel to his Matthew Broderick-starring classic. FERRIS BUELLERâ€™S DAY:OFF would have been about a Ferris Bueller fan event that got canceled and all of the fans who suddenly had their agendas clear for a full day",,shittymoviedetails,1531747726,KscILLBILL,True,9,0,2018-07-16
"The 2005 sci-fi movie War of the Worlds, about an alien that pretends to be human running from other aliens, was actually loosely based on a short story published in 1898 about killing foreigners with biological warfare.",,shittymoviedetails,1531797452,NomNom_Shadow,True,1,0,2018-07-16
The 1987 film Robocop is named for the slain character Officer Murphy who is transformed into Robocop after his death. But the movie producers played a joke on everyone because Robocop isn't a robot.... he's a Cyborg.,,shittymoviedetails,1531973383,CommanderSmokeStack,True,10,0,2018-07-18
"Did you know, nemo means no one in latin, so finding nemo could mean finding no one.",,shittymoviedetails,1528673674,StarvingPotatoFarmer,True,3,0,2018-06-10
In [Original Source Material] ([Earlier Date]) there is [Original Character/Concept] which was [inspired by/a subtle nod to] [Recent Movie] ([Recent Date]),Give me karma.,shittymoviedetails,1528720134,jorbleshi_kadeshi,True,24,2,2018-06-11
"TIL the creators of ""Blade Runner 2049"" had actually planned to shoot the movie in 2049 but couldn't afford a time machine because of their restrictive budget",They went full CGI instead.,shittymoviedetails,1528836039,Nijuny,True,51,0,2018-06-12
Star Wars: Solo,"In Star Wars: Solo, Han Solo lives. ",shittymoviedetails,1528857568,ethanlaj,True,20,2,2018-06-12
"In the Wolf Of Wallstreet, on October 19th, 1987 the market crashes, and they call it 'Black Monday'. This is a reference to an actual event, on October 19th, 1987, the market crashed and they called it 'Black Monday'.","Amazing, in my dozen plus watches of this movie, I never realized that Black Monday (in the film), was referencing *the real* Black Monday!

Scorsese... Goddamn.",shittymoviedetails,1528936437,Michaelbama,True,34,1,2018-06-13
"In â€œThe Sixth Senseâ€, the little boy has a sixth sense- the ability to see ghosts. This is a subtle nod to the fact that the title of the movie is â€œThe Sixth Senseâ€.",,shittymoviedetails,1529077301,MildlyFrustrating,True,9,3,2018-06-15
"The subscriber count in the sidebar now says we have 50k subscribers, this is a subtle nod to the fact 50k people have subscribed.",,shittymoviedetails,1529083028,bobcobble,True,186,8,2018-06-15
Solo a star wars story," at the end, woody Harrelson says that solo was smart to shoot first. This is a subtle nod that solo did shoot his gun and to confirm that he hit him.",shittymoviedetails,1529100383,spicy_booglin,True,5,1,2018-06-15
"""Road Trip"" (2000) has a subtle nod to ""Star Wars Episode II: Attack of the Clones"" (2002). This is a subtle nod to a time when ""Star Wars"" movies weren't released every six months.",,shittymoviedetails,1526105548,uniqueenoughforya,True,15,0,2018-05-11
"In â€œFace Offâ€ (1997) the title refers to not only the fight between Nic Cage and John Travolta, but to the twist that they have in face switched faces",https://imgur.com/a/AnDccQB,shittymoviedetails,1526143134,kax879,True,53,5,2018-05-12
"In Avengers: Infinity War, it turns out that Grootâ€™s line of â€œI am Grootâ€ is completely improvised. This line is a subtle nod to literally every other time he said that line.",,shittymoviedetails,1526165309,nobadabing,True,30,0,2018-05-12
"can we ban the phrase ""subtle nod"". its an easy way to make a mediocre joke",,shittymoviedetails,1526170387,Nateharton,True,7,4,2018-05-12
"In the 2018 movie remake of â€œOverboardâ€ Leo(nardo)â€™s yacht is named â€œBirthday Presentâ€ because it is in fact, a birthday present from his father.",,shittymoviedetails,1526177543,MisunderstoodTree,True,5,0,2018-05-12
We should rename this sub to subtle nod. This is a subtle nod to subtle nodding.,,shittymoviedetails,1526180031,-GeekLife-,True,19,1,2018-05-12
Stay in the movie theater during and after the opening credits. The scenes that follow were put there by the filmmakers to heighten your enjoyment and understanding of the movie.,,shittymoviedetails,1526218993,CentralStreet,True,11,0,2018-05-13
When someone in a movie steals a car thereâ€™s a 90% chance you will see the owner running after the stolen vehicle.,,shittymoviedetails,1526248292,cstuart1046,True,10,1,2018-05-13
"""The Incredibles:"" The name of the movie refers to the fact that the movie itself is not a reliable source for an essay.",,shittymoviedetails,1526403840,MildlyAgitatedBidoof,True,20,0,2018-05-15
"""A Quiet Place"" Is the tale of rude humans endlessly tormenting innocent aliens afflicted by profound misophonia.",,shittymoviedetails,1523462478,stevemccrain,True,6,0,2018-04-11
John Carpenter's film Halloween actually takes place on Halloween.,,shittymoviedetails,1523470540,Hahaieatpoop,True,2,0,2018-04-11
"A small detail in Avengers Age of Ultron (2015). Every character tries to guess Ultron's age. But Vision guesses it correctly by saying ""I was born yesterday"".",,shittymoviedetails,1523498288,ichzarealhitler,True,11,0,2018-04-11
"In the film Annihilation, a Netflix exclusive in international release, if you look closely at the reflection on your TV screen, you can see the people who are killing the theatrical exhibition of cinema.",,shittymoviedetails,1523553402,SandorClegane_AMA,True,37,1,2018-04-12
"In the movie Finding Dory , Main Character tries to find Dory , his friend Fish which is subtly referred to in the title , Which itself is a Subtle Reference to its prequel.",Here we can see the mastercraft of reference Where the title not only Foreshadows the story of the movie but also makes a reference to its prequel. Prequel itself was foreshadowing it's story in the title . This is a minute detail which many overlook but shows the mastery of the Movie makers . ,shittymoviedetails,1523597520,yothisisyo,True,1,0,2018-04-12
"In the movie Black Hawk Down (2001), Black Hawk is a name of the Helicopter that gets down hence the clever title â€” Black Hawk Down",,shittymoviedetails,1523726682,catchasingcars,True,15,1,2018-04-14
"The word â€˜redâ€™ can be found hidden in the title of Pixarâ€™s â€˜The Incrediblesâ€™ which is a subtle nod to the color scheme the family wears. Also, if you look closely, right before the word â€˜redâ€™ appears the word â€˜Incâ€ which pays homage to â€˜Monsters Inc.â€™, another Pixar film.",[Image](https://i.imgur.com/D9CSOOh.jpg),shittymoviedetails,1523977251,RilesMcStyles,True,38,1,2018-04-17
"In the movie Star Wars (1977), the ""small moon"" identified by Luke Skywalker is in fact the huge, planet-destroying space station we see shortly afterwards",He has a bad feeling about it.,shittymoviedetails,1524075450,RationalBiscuit,True,20,0,2018-04-18
"In Doctor Strange, the main character is Steven Strange, a doctor. This is a subtle nod to the title.",,shittymoviedetails,1524076496,HeathBell21,True,26,0,2018-04-18
"In American Psycho, the name Patrick Bateman is a reference to the popular character of Batman from DC comics.",,shittymoviedetails,1521558750,ichzarealhitler,True,137,3,2018-03-20
"In Don Jon, Joseph Gordon Levitt has a sex with Scarlett Johansson. A subtle nod to the actor's long time obsession with the actress.",,shittymoviedetails,1521739325,ichzarealhitler,True,163,3,2018-03-22
"In Willow, Madmardigan's (Val Kilmer) love interest was named Sorsha. The name Sorsha is derived from the names of the pilots in Top Gun, Slider-gOose-vipeR-Stinger-Hollywood-mAverick. Val Kilmer's first hit.",,shittymoviedetails,1522603509,compbioguy,True,273,3,2018-04-01
"In ""This doesn't even exist"" movie, the title says it doesn't even exist. That's true, because this movie doesn't really exist",,shittymoviedetails,1522613124,Turpae,True,1243,8,2018-04-01
The title of this forgotten Pixar hidden gem 'Toy Story' is a hidden reference to the story about toys that it is showing.,And Woody is a freudian representation of playing with yourself.,shittymoviedetails,1522613449,ihaveallthelions,True,180,3,2018-04-01
"wew, only a few hours ago we had 2.2k subscribers",,shittymoviedetails,1522614011,bobcobble,True,411,23,2018-04-01
"The name of antagonist, 'Sheldon J. Plankton' in the SpongeBob SquarePants Movie is a reference to the fact that he is a plankton (a microscopic sea organism)",His comparative size to other characters in the movie also allude to this! (plankton are very small creatures),shittymoviedetails,1522614039,sathewmanchez,True,93,0,2018-04-01
"The main character of the Harry Potter movies is named Harry Potter. This is actually a subtle reference to a similar book series, also named ""Harry Potter"", that may have inspired the movie; one main character, Hermione, has a patronus that takes the form of an otter.","Potter, otter. See?",shittymoviedetails,1522615848,MildlyAgitatedBidoof,True,59,1,2018-04-01
"In the movie Paul Blart Mall Cop, the main character is called Paul Blart, and he plays a mall cop. This is a reference to Pall Blart Mall Cop 2 which also has a main character called Paul Blart who is a mall cop which is a direct reference to the first film called Paul Blart Mall Cop.",,shittymoviedetails,1522616723,HarryGoLocky,True,204,5,2018-04-01
Little known fact,The title of the movie â€œBaby Driverâ€ is a reference to the fact that the main character likes to drive over babies,shittymoviedetails,1522617486,NuzLan04,True,32,1,2018-04-01
/r/moviedetails private / deleted?,Was just browsing the interstellar thread at the top of all time on /r/moviedetails and tried to load some comments to find the sub deleted / made private? Seems like a dumb 'prank' if its for april fool's ,shittymoviedetails,1522617672,yzy_,True,7,0,2018-04-01
The film Snow White and the Seven Dwarfs (1937) was originally titled Sneezy and the Six Drawfs featuring Ms. Snow,,shittymoviedetails,1522618290,MadCatzPlayer2,True,19,0,2018-04-01
"In the Star Wars series, despite it taking place in various places in the galaxy, all the planets look similar because they were all filmed on Earth.",,shittymoviedetails,1522621888,druidreh,True,222,2,2018-04-01
The Hobbit film trilogy contains several references to JRR Tolkienâ€™s book The Hobbit.,,shittymoviedetails,1522624054,kukienboks,True,73,4,2018-04-01
All movies are movies and none of us retards ever knew,,shittymoviedetails,1522624126,[deleted],True,1,0,2018-04-01
"In Tropic Thunder, real-world actors were hired to play the actors.",,shittymoviedetails,1522624896,kukienboks,True,38,0,2018-04-01
"The ""Beast"" in the title of The Beauty and the Beast refers to the Prince living in the castle, and is an early hint to his now beastly appearance. (The ""beauty"" of course refers to Gaston)",[deleted],shittymoviedetails,1522625888,[deleted],True,30,0,2018-04-01
The movie Shawshank Redemption does not contain Nicholas Cage because it does not contain Nicholas Cage.,,shittymoviedetails,1522627087,DreadnaughtHamster,True,15,19,2018-04-01
Top Gun is actually the sequel to Risky Business,Agtfter getting into Princeton Pete joins the Naval ROTC becoming a fighter pilot after graduation.,shittymoviedetails,1522627157,Richtdow,True,1,0,2018-04-01
"Everyone knows Indiana Jones got his first name from the dog, but did you know he got his last name from his Dad?",,shittymoviedetails,1522627453,Hectors_Endowment,True,10,0,2018-04-01
"In the movie Citizen Kane, Kane's last words, ""rosebud"", the movie hints that this actually refers to his childhood sled!",[deleted],shittymoviedetails,1522627670,[deleted],True,1,0,2018-04-01
The movie Black Panther does not contain any characters that are not in the movie.,,shittymoviedetails,1522627716,DreadnaughtHamster,True,78,4,2018-04-01
r/shittymoviedetails is actually a spin-off of r/moviedetails: a sub dedicated to low-effort shitposts about Baby Driver and Shaun of the Dead.,[removed],shittymoviedetails,1522627770,SluttySwanCyborg,True,5,0,2018-04-01
"In the film ""Pulp Fiction"", the title is a reference to the fact it is fiction and not based on true events",,shittymoviedetails,1522627818,ironicallyalone,True,2,0,2018-04-01
"In ""Men in Black,"" Will Smith's character says NYPD stands for ""knock your punk ass down."" It doesn't.",,shittymoviedetails,1522628149,lpjunior999,True,53,2,2018-04-01
"In the movie Citizen Kane, it hints that his last words ""rosebud"" actually refer to his childhood sled!","watch closely, the movie definitely hints at this!",shittymoviedetails,1522628270,foomanbaz,True,1,0,2018-04-01
"Despite its name, no Stars actually went into battle in the Star Wars franchise",,shittymoviedetails,1522629031,Mr_Siphon,True,1,0,2018-04-01
"In the movie Blade Runner 2049, if you add the numbers 20 and 49 you get 69 which is a direct reference to the night I spent with your mother",,shittymoviedetails,1522629055,reptimillion,True,166,2,2018-04-01
"[SPOILER] In the film ""Star Wars The Last Jedi"" Kylo Ren can't defeat Luke Skywalker, not because of mirage image jedi trick but because the battle takes place on a sand like substance and Kylo Ren via genetics hates sand which puts him at a major disadvantage.",If you look closely enough you can see that the sand is coarse and irritating and it gets everywhere!,shittymoviedetails,1522629079,2mice,True,5,0,2018-04-01
"In the movie Taken, Liem Neason provides excellent foreshadowing durring his phone conversation with the kidnapper. He says ""I will find you and I will kill you"". Later in the film, he does in fact find, and kill, the antagonist.",,shittymoviedetails,1522629698,adamsvette,True,1,0,2018-04-01
The movie Die Hard's title is a little know reference to the fact that the main character is hard for the protagonist to kill because he's an idiot.,,shittymoviedetails,1522629978,DruidOfFail,True,4,0,2018-04-01
"In 2001 film Hannibal, the number to call to collect a reward was 1-212-555-0118. Deciphering this number mathematically; 1(A), 2(B), 12(L) (5+5+5-01=14)N, 1(A), 8(H), an anagram for Hannibal.",,shittymoviedetails,1519822649,skijumper97,True,11,3,2018-02-28
butt,[removed],shittymoviedetails,1519902281,redmanjoseph38290,True,0,0,2018-03-01
Isle of Dogs - Say the title out loud,I love dogs,shittymoviedetails,1518141661,jack_nnn_,True,8,8,2018-02-08
Now I know why voldemort is bald. It's so that people cant use his hair for polyjuice potion.,,shittymoviedetails,1515347613,bobcobble,True,7,4,2018-01-07
"The title 'Rick &amp; Morty' sounds quite similar to the words 'Brick' and 'Mortar', a clever commentary on how necessary these items are to the building of houses",,shittymoviedetails,1509572072,MellotronSymphony,True,16,5,2017-11-01
The 2015 film Jurassic World avoids having feathered dinosaurs by re-using a plot device from the 1993 film Jurassic Park.,"Since the 1993 film was released, new scientific discoveries have revealed that many dinosaurs may have actually been feathered. However, as writer/producer/director of Jurassic World, Chris Pratt, explained: ""feathers are fucking gay. Dinos aren't gay."" Thus, there are no feathered dinosaurs in Jurassic World.

As most fellow film buffs will recall, that's also why a dinosaur in the first movie changed sex in order to get laid. Dinos aren't gay, but they can be trans.",shittymoviedetails,1499367426,ineversaidbatman,True,8,0,2017-07-06
Stan Lee,"Apparently, Stan Lee makes a cameo in Iron Man 2! Pretty wacky, right? ",shittymoviedetails,1500040069,Rock_Opera,True,6,3,2017-07-14
Purpose of earphones and music in baby driver?,"So this may be a stretch but early in the film Kevin Spacey's character tells the group that Baby was in an accident when he was young and that his ears constantly ring and tells the group that he listens to music to drown it out. 

Could this be why baby is constantly listening to music throughout the film? It would make sense but it is a little far fetched. 

What do you think?",shittymoviedetails,1500099221,LordCommanderBunny,True,11,3,2017-07-14
